{
  "countries": [
    { "name": "Japan", "cities": ["Tokyo", "Kyoto"] },
    { "name": "Singapore", "cities": ["Singapore"] },
    { "name": "Austria", "cities": ["Salzburg"] },
    { "name": "Belgium", "cities": ["Antwerp"] },
    { "name": "Czechia", "cities": ["Prague"] },
    { "name": "France", "cities": ["Paris", "Mandelieu-La Napoule", "Cannes"] },
    { "name": "Germany", "cities": ["Bochum"] },
    { "name": "Hungary", "cities": ["Budapest"] },
    { "name": "Italy", "cities": ["Venice", "Rome", "Florence", "Sorrento", "Positano", "Capri", "Amalfi Coast"] },
    { "name": "Monaco", "cities": ["Monaco"] },
    { "name": "Netherlands", "cities": ["Amsterdam"] },
    { "name": "Slovenia", "cities": ["Lake Bled"] },
    { "name": "Spain", "cities": ["Barcelona", "Ibiza"] },
    { "name": "United Kingdom", "cities": ["London"] },
    { "name": "Cayman Islands", "cities": ["Grand Cayman"] },
    { "name": "Bahamas", "cities": ["Nassau"] },
    { "name": "Costa Rica", "cities": ["San Carlos"] },
    { "name": "Guatemala", "cities": ["San Andres Itzapa", "Lake Atitlan"] },
    { "name": "Mexico", "cities": ["Puerto Vallarta", "Playa del Carmen"] },
    { "name": "United States", "cities": [] },
    { "name": "Morocco", "cities": ["Casablanca", "Marrakesh"] },
    { "name": "United States Virgin Islands", "cities": ["St Thomas"] }
  ],
  "usStates": [
    { "name": "Alabama", "cities": ["Tuscaloosa", "Orange Beach/Gulf Shores"] },
    { "name": "Arizona", "cities": ["Tucson"] },
    { "name": "Arkansas", "cities": ["Beaver Lake", "Table Rock Lake"] },
    { "name": "California", "cities": ["Los Angeles", "Laguna Beach", "San Diego", "San Francisco", "Santa Clara"] },
    { "name": "Colorado", "cities": ["Breckenridge", "Vail", "Denver"] },
    { "name": "Florida", "cities": ["Boca Raton", "Orlando", "Miami", "Fort Lauderdale", "Key West", "Tampa Bay", "West Palm Beach", "Delray Beach", "Pensacola"] },
    { "name": "Georgia", "cities": ["Atlanta"] },
    { "name": "Hawaii", "cities": ["Maui", "Honolulu"] },
    { "name": "Illinois", "cities": ["Chicago"] },
    { "name": "Iowa", "cities": [] },
    { "name": "Kansas", "cities": ["Leawood", "Kansas City", "Lawrence"] },
    { "name": "Kentucky", "cities": ["Louisville", "Lexington"] },
    { "name": "Louisiana", "cities": ["Baton Rouge", "New Orleans", "Lafayette", "Monroe", "Lake Charles"] },
    { "name": "Massachusetts", "cities": ["Boston"] },
    { "name": "Minnesota", "cities": ["Deerwood", "Minneapolis"] },
    { "name": "Mississippi", "cities": ["Bay St Louis"] },
    { "name": "Missouri", "cities": ["Kansas City", "Branson", "Ozarks", "St Louis"] },
    { "name": "Nebraska", "cities": ["Omaha"] },
    { "name": "Nevada", "cities": ["Las Vegas"] },
    { "name": "New Jersey", "cities": [] },
    { "name": "New York", "cities": ["New York City"] },
    { "name": "North Carolina", "cities": [] },
    { "name": "Oklahoma", "cities": [] },
    { "name": "Pennsylvania", "cities": [] },
    { "name": "South Carolina", "cities": ["Myrtle Beach"] },
    { "name": "Tennessee", "cities": ["Memphis"] },
    { "name": "Texas", "cities": ["Austin", "Fort Worth", "Houston"] },
    { "name": "Utah", "cities": [] },
    { "name": "Wisconsin", "cities": ["Milwaukee", "Madison", "Germantown"] }
  ],
  "locations": [
    { "id": "tokyo", "name": "Tokyo", "lat": 35.6762, "lng": 139.6503, "country": "Japan", "type": "international" },
    { "id": "kyoto", "name": "Kyoto", "lat": 35.0116, "lng": 135.7681, "country": "Japan", "type": "international" },
    { "id": "singapore", "name": "Singapore", "lat": 1.3521, "lng": 103.8198, "country": "Singapore", "type": "international" },
    { "id": "salzburg", "name": "Salzburg", "lat": 47.8095, "lng": 13.055, "country": "Austria", "type": "international" },
    { "id": "antwerp", "name": "Antwerp", "lat": 51.2194, "lng": 4.4025, "country": "Belgium", "type": "international" },
    { "id": "prague", "name": "Prague", "lat": 50.0755, "lng": 14.4378, "country": "Czechia", "type": "international" },
    { "id": "paris", "name": "Paris", "lat": 48.8566, "lng": 2.3522, "country": "France", "type": "international" },
    { "id": "mandelieu", "name": "Mandelieu-La Napoule", "lat": 43.5477, "lng": 6.9383, "country": "France", "type": "international" },
    { "id": "cannes", "name": "Cannes", "lat": 43.5528, "lng": 7.0174, "country": "France", "type": "international" },
    { "id": "budapest", "name": "Budapest", "lat": 47.4979, "lng": 19.0402, "country": "Hungary", "type": "international" },
    { "id": "venice", "name": "Venice", "lat": 45.4408, "lng": 12.3155, "country": "Italy", "type": "international" },
    { "id": "rome", "name": "Rome", "lat": 41.9028, "lng": 12.4964, "country": "Italy", "type": "international" },
    { "id": "florence", "name": "Florence", "lat": 43.7696, "lng": 11.2558, "country": "Italy", "type": "international" },
    { "id": "sorrento", "name": "Sorrento", "lat": 40.6263, "lng": 14.3758, "country": "Italy", "type": "international" },
    { "id": "positano", "name": "Positano", "lat": 40.6281, "lng": 14.485, "country": "Italy", "type": "international" },
    { "id": "capri", "name": "Capri", "lat": 40.5507, "lng": 14.2225, "country": "Italy", "type": "international" },
    { "id": "amalfi-coast", "name": "Amalfi Coast", "lat": 40.634, "lng": 14.6027, "country": "Italy", "type": "international" },
    { "id": "monaco", "name": "Monaco", "lat": 43.7384, "lng": 7.4246, "country": "Monaco", "type": "international" },
    { "id": "amsterdam", "name": "Amsterdam", "lat": 52.3676, "lng": 4.9041, "country": "Netherlands", "type": "international" },
    { "id": "lake-bled", "name": "Lake Bled", "lat": 46.3625, "lng": 14.094, "country": "Slovenia", "type": "international" },
    { "id": "barcelona", "name": "Barcelona", "lat": 41.3874, "lng": 2.1686, "country": "Spain", "type": "international" },
    { "id": "london", "name": "London", "lat": 51.5074, "lng": -0.1278, "country": "United Kingdom", "type": "international" },
    { "id": "grand-cayman", "name": "Grand Cayman", "lat": 19.3133, "lng": -81.2546, "country": "Cayman Islands", "type": "international" },
    { "id": "nassau", "name": "Nassau", "lat": 25.0343, "lng": -77.3963, "country": "Bahamas", "type": "international", "description": "Baha Mar" },
    { "id": "san-carlos-cr", "name": "San Carlos", "lat": 10.3516, "lng": -84.4155, "country": "Costa Rica", "type": "international" },
    { "id": "san-andres-itzapa", "name": "San Andres Itzapa", "lat": 14.6197, "lng": -90.8428, "country": "Guatemala", "type": "international" },
    { "id": "lake-atitlan", "name": "Lake Atitlan", "lat": 14.687, "lng": -91.1871, "country": "Guatemala", "type": "international" },
    { "id": "puerto-vallarta", "name": "Puerto Vallarta", "lat": 20.6534, "lng": -105.2253, "country": "Mexico", "type": "international" },
    { "id": "playa-del-carmen", "name": "Playa del Carmen", "lat": 20.6296, "lng": -87.0739, "country": "Mexico", "type": "international" },
    { "id": "bochum", "name": "Bochum", "lat": 51.4818, "lng": 7.2162, "country": "Germany", "type": "international" },
    { "id": "ibiza", "name": "Ibiza", "lat": 38.9067, "lng": 1.4206, "country": "Spain", "type": "international" },
    { "id": "casablanca", "name": "Casablanca", "lat": 33.5731, "lng": -7.5898, "country": "Morocco", "type": "international" },
    { "id": "marrakesh", "name": "Marrakesh", "lat": 31.6295, "lng": -7.9811, "country": "Morocco", "type": "international" },
    { "id": "st-thomas", "name": "St Thomas", "lat": 18.3358, "lng": -64.9307, "country": "United States Virgin Islands", "type": "international" },

    { "id": "tuscaloosa-al", "name": "Tuscaloosa", "lat": 33.2098, "lng": -87.5692, "country": "United States", "state": "Alabama", "type": "domestic" },
    { "id": "orange-beach-al", "name": "Orange Beach/Gulf Shores", "lat": 30.2936, "lng": -87.5836, "country": "United States", "state": "Alabama", "type": "domestic" },
    { "id": "tucson-az", "name": "Tucson", "lat": 32.2226, "lng": -110.9747, "country": "United States", "state": "Arizona", "type": "domestic" },
    { "id": "beaver-lake-ar", "name": "Beaver Lake", "lat": 36.3653, "lng": -93.8827, "country": "United States", "state": "Arkansas", "type": "domestic" },
    { "id": "table-rock-lake-ar", "name": "Table Rock Lake", "lat": 36.593, "lng": -93.3185, "country": "United States", "state": "Arkansas", "type": "domestic" },
    { "id": "los-angeles-ca", "name": "Los Angeles", "lat": 34.0522, "lng": -118.2437, "country": "United States", "state": "California", "type": "domestic" },
    { "id": "laguna-beach-ca", "name": "Laguna Beach", "lat": 33.5427, "lng": -117.7854, "country": "United States", "state": "California", "type": "domestic" },
    { "id": "san-diego-ca", "name": "San Diego", "lat": 32.7157, "lng": -117.1611, "country": "United States", "state": "California", "type": "domestic" },
    { "id": "san-francisco-ca", "name": "San Francisco", "lat": 37.7749, "lng": -122.4194, "country": "United States", "state": "California", "type": "domestic" },
    { "id": "santa-clara-ca", "name": "Santa Clara", "lat": 37.3541, "lng": -121.9552, "country": "United States", "state": "California", "type": "domestic" },
    { "id": "breckenridge-co", "name": "Breckenridge", "lat": 39.4817, "lng": -106.0384, "country": "United States", "state": "Colorado", "type": "domestic" },
    { "id": "vail-co", "name": "Vail", "lat": 39.6403, "lng": -106.3742, "country": "United States", "state": "Colorado", "type": "domestic" },
    { "id": "denver-co", "name": "Denver", "lat": 39.7392, "lng": -104.9903, "country": "United States", "state": "Colorado", "type": "domestic" },
    { "id": "boca-raton-fl", "name": "Boca Raton", "lat": 26.3587, "lng": -80.0831, "country": "United States", "state": "Florida", "type": "domestic" },
    { "id": "orlando-fl", "name": "Orlando", "lat": 28.5383, "lng": -81.3792, "country": "United States", "state": "Florida", "type": "domestic" },
    { "id": "miami-fl", "name": "Miami", "lat": 25.7617, "lng": -80.1918, "country": "United States", "state": "Florida", "type": "domestic" },
    { "id": "fort-lauderdale-fl", "name": "Fort Lauderdale", "lat": 26.1224, "lng": -80.1373, "country": "United States", "state": "Florida", "type": "domestic" },
    { "id": "key-west-fl", "name": "Key West", "lat": 24.5551, "lng": -81.78, "country": "United States", "state": "Florida", "type": "domestic" },
    { "id": "tampa-bay-fl", "name": "Tampa Bay", "lat": 27.9506, "lng": -82.4572, "country": "United States", "state": "Florida", "type": "domestic" },
    { "id": "west-palm-fl", "name": "West Palm Beach", "lat": 26.7153, "lng": -80.0534, "country": "United States", "state": "Florida", "type": "domestic" },
    { "id": "delray-beach-fl", "name": "Delray Beach", "lat": 26.4615, "lng": -80.0728, "country": "United States", "state": "Florida", "type": "domestic" },
    { "id": "pensacola-fl", "name": "Pensacola", "lat": 30.4213, "lng": -87.2169, "country": "United States", "state": "Florida", "type": "domestic" },
    { "id": "atlanta-ga", "name": "Atlanta", "lat": 33.749, "lng": -84.388, "country": "United States", "state": "Georgia", "type": "domestic" },
    { "id": "maui-hi", "name": "Maui", "lat": 20.7984, "lng": -156.3319, "country": "United States", "state": "Hawaii", "type": "domestic" },
    { "id": "honolulu-hi", "name": "Honolulu", "lat": 21.3069, "lng": -157.8583, "country": "United States", "state": "Hawaii", "type": "domestic" },
    { "id": "chicago-il", "name": "Chicago", "lat": 41.8781, "lng": -87.6298, "country": "United States", "state": "Illinois", "type": "domestic" },
    { "id": "leawood-ks", "name": "Leawood", "lat": 38.9667, "lng": -94.6169, "country": "United States", "state": "Kansas", "type": "domestic", "description": "Home" },
    { "id": "kansas-city-ks", "name": "Kansas City", "lat": 39.1142, "lng": -94.6275, "country": "United States", "state": "Kansas", "type": "domestic" },
    { "id": "lawrence-ks", "name": "Lawrence", "lat": 38.9717, "lng": -95.2353, "country": "United States", "state": "Kansas", "type": "domestic" },
    { "id": "louisville-ky", "name": "Louisville", "lat": 38.2527, "lng": -85.7585, "country": "United States", "state": "Kentucky", "type": "domestic" },
    { "id": "lexington-ky", "name": "Lexington", "lat": 38.0406, "lng": -84.5037, "country": "United States", "state": "Kentucky", "type": "domestic" },
    { "id": "baton-rouge-la", "name": "Baton Rouge", "lat": 30.4515, "lng": -91.1871, "country": "United States", "state": "Louisiana", "type": "domestic", "description": "Lived here" },
    { "id": "new-orleans-la", "name": "New Orleans", "lat": 29.9511, "lng": -90.0715, "country": "United States", "state": "Louisiana", "type": "domestic" },
    { "id": "lafayette-la", "name": "Lafayette", "lat": 30.2241, "lng": -92.0198, "country": "United States", "state": "Louisiana", "type": "domestic" },
    { "id": "monroe-la", "name": "Monroe", "lat": 32.5093, "lng": -92.1193, "country": "United States", "state": "Louisiana", "type": "domestic" },
    { "id": "lake-charles-la", "name": "Lake Charles", "lat": 30.2266, "lng": -93.2174, "country": "United States", "state": "Louisiana", "type": "domestic" },
    { "id": "boston-ma", "name": "Boston", "lat": 42.3601, "lng": -71.0589, "country": "United States", "state": "Massachusetts", "type": "domestic" },
    { "id": "deerwood-mn", "name": "Deerwood", "lat": 46.4727, "lng": -93.9013, "country": "United States", "state": "Minnesota", "type": "domestic" },
    { "id": "minneapolis-mn", "name": "Minneapolis", "lat": 44.9778, "lng": -93.265, "country": "United States", "state": "Minnesota", "type": "domestic" },
    { "id": "bay-st-louis-ms", "name": "Bay St Louis", "lat": 30.3088, "lng": -89.3301, "country": "United States", "state": "Mississippi", "type": "domestic" },
    { "id": "kansas-city-mo", "name": "Kansas City", "lat": 39.0997, "lng": -94.5786, "country": "United States", "state": "Missouri", "type": "domestic", "description": "Home \u2014 Born & Raised" },
    { "id": "branson-mo", "name": "Branson", "lat": 36.6437, "lng": -93.2185, "country": "United States", "state": "Missouri", "type": "domestic" },
    { "id": "ozarks-mo", "name": "Ozarks", "lat": 37.5, "lng": -92.5, "country": "United States", "state": "Missouri", "type": "domestic" },
    { "id": "st-louis-mo", "name": "St Louis", "lat": 38.627, "lng": -90.1994, "country": "United States", "state": "Missouri", "type": "domestic" },
    { "id": "omaha-ne", "name": "Omaha", "lat": 41.2565, "lng": -95.9345, "country": "United States", "state": "Nebraska", "type": "domestic" },
    { "id": "las-vegas-nv", "name": "Las Vegas", "lat": 36.1699, "lng": -115.1398, "country": "United States", "state": "Nevada", "type": "domestic" },
    { "id": "new-york-city-ny", "name": "New York City", "lat": 40.7128, "lng": -74.006, "country": "United States", "state": "New York", "type": "domestic" },
    { "id": "myrtle-beach-sc", "name": "Myrtle Beach", "lat": 33.6891, "lng": -78.8867, "country": "United States", "state": "South Carolina", "type": "domestic" },
    { "id": "memphis-tn", "name": "Memphis", "lat": 35.1495, "lng": -90.049, "country": "United States", "state": "Tennessee", "type": "domestic" },
    { "id": "austin-tx", "name": "Austin", "lat": 30.2672, "lng": -97.7431, "country": "United States", "state": "Texas", "type": "domestic" },
    { "id": "fort-worth-tx", "name": "Fort Worth", "lat": 32.7555, "lng": -97.3308, "country": "United States", "state": "Texas", "type": "domestic" },
    { "id": "houston-tx", "name": "Houston", "lat": 29.7604, "lng": -95.3698, "country": "United States", "state": "Texas", "type": "domestic" },
    { "id": "milwaukee-wi", "name": "Milwaukee", "lat": 43.0389, "lng": -87.9065, "country": "United States", "state": "Wisconsin", "type": "domestic" },
    { "id": "madison-wi", "name": "Madison", "lat": 43.0731, "lng": -89.4012, "country": "United States", "state": "Wisconsin", "type": "domestic" },
    { "id": "germantown-wi", "name": "Germantown", "lat": 43.2286, "lng": -88.1104, "country": "United States", "state": "Wisconsin", "type": "domestic" }
  ],
  "photos": []
}
